,line,departure_name,departure_time,arrival_time,arrival_name,distance,pause,rotation_id,vehicle_type
0,501,Luebben Betriebshof,2022-02-01T05:55:00,2022-02-01T05:56:00,Luebben Postbautenstr,130,5,50103,NFB
1,501,Luebben Postbautenstr,2022-02-01T06:01:00,2022-02-01T06:27:00,Krausnick Wendeplatz,18054,2,50103,NFB
2,501,Krausnick Wendeplatz,2022-02-01T06:29:00,2022-02-01T07:01:00,Neu Luebbenau Hauptstr,19974,0,50103,NFB
3,501,Neu Luebbenau Hauptstr,2022-02-01T07:01:00,2022-02-01T07:39:00,Luebben Cottbuser Str,23973,0,50103,NFB
4,501,Luebben Cottbuser Str,2022-02-01T07:39:00,2022-02-01T07:49:00,Luebben Betriebshof,5400,0,50103,NFB
5,503,Luebben Betriebshof, 2022-02-01T05:03:00, 2022-02-01T05:04:00, Luebben Postbauenstr.,130,5,50313, NFB
6,503,Luebben Postbauenstr, 2022-02-01T05:09:00, 2022-02-01T05:40:00, Alt-Schadow,25049,0,50313, NFB
7,503,Alt-Schadow, 2022-02-01T05:40:00, 2022-02-01T06:19:00, Luebben Bahnhof,33558,15,50313, NFB
8,503,Luebben Bahnhof, 2022-02-01T06:34:00, 2022-02-01T07:05:00, Groeditsch Schule,33558,2,50313, NFB
9,503,Groeditsch Schule, 2022-02-01T07:07:00, 2022-02-01T07:40:00, Goyatz Schule,20523,0,50313, NFB
10,503,Goyatz Schule, 2022-02-01T07:40:00, 2022-02-01T08:10:00, Luebben Betriebshof,23829,298,50313, NFB
11,503,Luebben Betriebshof, 2022-02-01T13:15:00, 2022-02-01T13:25:00, Luebben Bahnhof,4220,5,50323, NFB
12,503,Luebben Bahnhof, 2022-02-01T13:30:00, 2022-02-01T14:10:00, Leibsch Leibscher Hauptstr,28895,0,50323, NFB
13,503,Leibsch Leibscher Hauptstr, 2022-02-01T14:10:00, 2022-02-01T14:32:00, Luebben Am Ostbahnhof,28895,5,50323, NFB
14,503,Luebben Am Ostbahnhof, 2022-02-01T14:32:00, 2022-02-01T14:40:00, Radensdorf Hauptstr,18140,5,50323, NFB
15,503,Radensdorf Hauptstr, 2022-02-01T15:00:00, 2022-02-01T15:28:00, Goyatz Schule,20564,1,50323, NFB
16,503,Goyatz Schule, 2022-02-01T15:29:00, 2022-02-01T15:57:00, Radensdorf Hauptstr,22736,1,50323, NFB
17,503,Radensdorf Hauptstr, 2022-02-01T15:58:00, 2022-02-01T16:18:00, Luebben Bahnhof,9905,0,50323, NFB
18,503,Luebben Bahnhof, 2022-02-01T16:18:00, 2022-02-01T16:28:00, Luebben Betriebshof,4140,0,50323, NFB
19,504,Luebben Betriebshof, 2022-02-01T13:35:00, 2022-02-01T13:40:00,Luebben Frankfurter Str ,2687,5,50403,NFB
20,504,Luebben Frankfurter Str, 2022-02-01T13:45:00, 2022-02-01T14:16:00,Schoenwalde Bahnhof,20100,0,50403,NFB
21,504,Schoenwalde Bahnhof,2022-02-01T14:16:00, 2022-02-01T14:49:00,Luebben Bahnhof,26585,0,50403,NFB
22,504,Luebben Bahnhof, 2022-02-01T14:49:00, 2022-02-01T14:59:00,Luebben Stellplatz Betriebshof,4140,25,50403,NFB
23,504,Luebben Stellplatz Betriebshof, 2022-02-01T15:24:00, 2022-02-01T15:34:00,Luebben Bahnhof,4220,0,50403,NFB
24,504,Luebben Bahnhof, 2022-02-01T15:38:00, 2022-02-01T16:23:00,Alt-Schadow,31194,1,50403,NFB
25,504,Alt-Schadow, 2022-02-01T16:24:00, 2022-02-01T16:56:00,Luebben Bahnhof,26640,2,50403,NFB
26,504,Luebben Bahnhof, 2022-02-01T16:58:00,2022-02-01T17:40:00, Alt-Schadow,34503,0,50403,NFB
27,504,Alt-Schadow, 2022-02-01T17:40:00,2022-02-01T18:12:00, Luebben Bahnhof,26640,30,50403,NFB
28,504,Luebben Bahnhof, 2022-02-01T18:43:00,2022-02-01T19:23:00,Wittmannsdorf Kossenblatter Str,28362,0,50403,NFB
29,504,Wittmannsdorf Kossenblatter Str, 2022-02-01T19:23:00,2022-02-01T19:59:00,Luebben Bahnhof,28437,1,50403,NFB
30,504,Luebben Bahnhof, 2022-02-01T20:00:00,2022-02-01T20:12:00,Luebben Reha-Zentrum,5470,0,50403,NFB
31,504,Luebben Reha-Zentrum, 2022-02-01T20:12:00,2022-02-01T20:15:00,Luebben Betriebshof,1370,0,50403,NFB
"32,505,Luebben Betriebshof,2022-02-01T05:55:00	,2022-02-01T06:25:00,Goyatz Schule,23410,5,50513,NFB"
33,505,Goyatz Schule,2022-02-01T06:30:00,2022-02-01T06:50:00,Goyatz Am Bahnhof,13660,5,50513,NFB
34,505,Goyatz Am Bahnhof,2022-02-01T06:51:00,2022-02-01T07:14:00,Radensdorf Hauptstr,18725,5,50513,NFB
35,505,Radensdorf Hauptstr,2022-02-01T07:15:00,2022-02-01T07:32:00,Luebben Bahnhof,9371,1,50513,NFB
36,505,Luebben Bahnhof,2022-02-01T07:33:00,2022-02-01T07:37:00,Luebben Cottbuser Str,1800,0,50513,NFB
37,505,Luebben Cottbuser Str,2022-02-01T07:37:00,2022-02-01T07:47:00,Luebben Betriebshof,5400,174,50513,NFB
38,505,Luebben Betriebshof,2022-02-01T10:48:00,2022-02-01T10:55:00,Radensdorf Hauptstr,5100,0,50523,NFB
39,505,Radensdorf Hauptstr,2022-02-01T11:00:00,2022-02-01T11:28:00,Goyatz Schule,20564,1,50523,NFB
40,505,Goyatz Schule,2022-02-01T11:29:00,2022-02-01T11:53:00,Radensdorf Hauptstr,19229,7,50523,NFB
41,505,Radensdorf Hauptstr,2022-02-01T12:00:00,2022-02-01T12:17:00,Glietz,13712,0,50523,NFB
42,505,Glietz,2022-02-01T12:17:00,2022-02-01T12:28:00,Groeditsch Schule,10840,15,50523,NFB
43,505,Groeditsch Schule,2022-02-01T12:43:00,2022-02-01T13:06:00,Glietz,17792,0,50523,NFB
44,505,Glietz,2022-02-01T13:06:00,2022-02-01T13:17:00,Klein Leuthen,8920,0,50513,NFB
45,505,Klein Leuthen,2022-02-01T13:17:00,2022-02-01T13:34:00,Goyatz Schule,13400,0,50523,NFB
46,505,Goyatz Schule,2022-02-01T13:34:00,2022-02-01T14:16:00,Groeditsch Schule,29576,1,50523,NFB
47,505,Groeditsch Schule,2022-02-01T14:17:00,2022-02-01T14:39:00,Goyatz Schule,17767,39,50523,NFB
48,505,Goyatz Schule,2022-02-01T15:18:00,2022-02-01T15:53:00,Groeditsch Schule,27031,0,50523,NFB
49,505,Groeditsch Schule,2022-02-01T15:53:00,2022-02-01T16:06:00,Schlepzig Bergstr,10123,0,50523,NFB
50,505,Schlepzig Bergstr,2022-02-01T16:06:00,2022-02-01T16:25:00,Schoenwalde Amtsverwaltung,14701,0,50523,NFB
51,505,Schoenwalde Amtsverwaltung,2022-02-01T16:25:00,2022-02-01T16:52:00,Schlepzig Bergstr,21954,0,50523,NFB
52,505,Bergstr,2022-02-01T16:52:00,2022-02-01T17:07:00,Luebben Betriebshof,11500,0,50523,NFB
53,506,Luebben Betriebshof,2022-02-01T13:15:00,2022-02-01T13:45:00,Goyatz Schule,23410,5,50603,NFB
53,506,Goyatz Schule,2022-02-01T13:50:00,2022-02-01T14:35:00,Lieberose Markt,30536,0,50603,NFB
54,506,Lieberose Markt,2022-02-01T14:35:00,2022-02-01T15:11:00,Goyatz Schule,28947,0,50603,NFB
55,506,Goyatz Schule,2022-02-01T15:11:00,2022-02-01T15:49:00,Burg Stuetzpunkt CV,28600,54,50603,NFB
56,506,Burg Stuetzpunkt CV,2022-02-01T16:43:00,2022-02-01T16:48:00,Burg Lindenstr,1500,5,50603,NFB
57,506,Burg Lindenstr,2022-02-01T16:53:00,2022-02-01T17:35:00,Goyatz Schule,36373,0,50603,NFB
58,506,Goyatz Schule,2022-02-01T17:35:00,2022-02-01T18:03:00,Lieberose Markt,24452,0,50603,NFB
59,506,Lieberose Markt,2022-02-01T18:03:00,2022-02-01T18:22:00,Goyatz Schule,15596,7,50603,NFB
60,506,Goyatz Schule,2022-02-01T18:29:00,2022-02-01T18:53:00,Radensdorf Hauptstr,19229,7,50603,NFB
61,506,Radensdorf Hauptstr,2022-02-01T19:00:00,2022-02-01T20:02:00,Burg Hotel Bleske,48257,0,50603,NFB
62,506,Burg Hotel Bleske,2022-02-01T20:02:00,2022-02-01T20:07:00,Burg Stuetzpunkt CV,1500,35,50603,NFB
63,506,Burg Stuetzpunkt CV,2022-02-01T20:42:00,2022-02-01T20:47:00,Burg Lindenstr,1500,5,50603,NFB
64,506,Burg Lindenstr,2022-02-01T20:52:00,2022-02-01T21:52:00,Radensdorf Hauptstr,46359,0,50603,NFB
65,506,Radensdorf Hauptstr,2022-02-01T21:52:00,2022-02-01T22:12:00,Luebben Bahnhof,9905,0,50603,NFB
66,506,Luebben Bahnhof,2022-02-01T22:12:00,2022-02-01T22:21:00,Luebben Postbautenstr,3970,0,50603,NFB
67,506,Luebben Postbautenstr,2022-02-01T22:21:00,2022-02-01T22:2:00,Luebben Betriebshof,130,0,50603,NFB
68,507,Luebben Betriebshof,2022-02-01T05:25:00,2022-02-01T05:35:00,Luebben Bahnhof,4220,5,50704,NFB
69,507,Luebben Bahnhof,2022-02-01T05:40:00,2022-02-01T06:28:00,Burg Hotel Bleske,32937,0,50704,NFB
70,507,Burg Hotel Bleske,2022-02-01T06:28:00,2022-02-01T06:29:00,Burg Lindenstr,317,3,50704,NFB
71,507,Burg Lindenstr,2022-02-01T06:32:00,2022-02-01T07:20:00,Luebben Bahnhof,33033,20,50704,NFB
72,507,Luebben Bahnhof,2022-02-01T07:40:00,2022-02-01T08:28:00,Burg Hotel Bleske,32937,0,50704,NFB
73,507,Burg Hotel Bleske,2022-02-01T08:28:00,2022-02-01T08:29:00,LBurg Lindenstr,317,3,50704,NFB
74,507,Burg Lindenstr,2022-02-01T08:32:00,2022-02-01T09:20:00,Luebben Bahnhof,33033,20,50704,NFB
75,507,Luebben Bahnhof,2022-02-01T09:40:00,2022-02-01T10:28:00,Burg Hotel Bleske,32937,0,50704,NFB
76,507,Burg Hotel Bleske,2022-02-01T10:28:00,2022-02-01T10:29:00,LBurg Lindenstr,317,3,50704,NFB
77,507,Burg Lindenstr,2022-02-01T10:32:00,2022-02-01T11:20:00,Luebben Bahnhof,33033,20,50704,NFB
78,507,Luebben Bahnhof,2022-02-01T11:40:00,2022-02-01T12:28:00,Burg Hotel Bleske,32937,0,50704,NFB
79,507,Burg Hotel Bleske,2022-02-01T12:28:00,2022-02-01T12:29:00,LBurg Lindenstr,317,3,50704,NFB
80,507,Burg Lindenstr,2022-02-01T12:32:00,2022-02-01T13:20:00,Luebben Bahnhof,33033,20,50704,NFB
81,507,Luebben Bahnhof,2022-02-01T13:20:00,2022-02-01T13:30:00,Luebben Betriebshof,4140,0,50704,NFB
82,508,Luebben Betriebshof,2022-02-01T13:25:00,2022-02-01T13:35:00,Luebben Bahnhof,4220,5,50804,NFB
83,508,Luebben Bahnhof,2022-02-01T13:40:00,2022-02-01T13:28:00,Burg Hotel Bleske,32937,0,50804,NFB
84,508,Burg Hotel Bleske,2022-02-01T14:28:00,2022-02-01T14:29:00,Burg Lindenstr,317,3,50804,NFB
85,508,Burg Lindenstr,2022-02-01T14:32:00,2022-02-01T15:20:00,Luebben Bahnhof,33033,20,50804,NFB
86,508,Luebben Bahnhof,2022-02-01T15:40:00,2022-02-01T16:28:00,Burg Hotel Bleske,32937,0,50804,NFB
87,508,Burg Hotel Bleske,2022-02-01T16:28:00,2022-02-01T16:29:00,LBurg Lindenstr,317,3,50804,NFB
88,508,Burg Lindenstr,2022-02-01T16:32:00,2022-02-01T17:20:00,Luebben Bahnhof,33033,20,50804,NFB
89,508,Luebben Bahnhof,2022-02-01T17:40:00,2022-02-01T18:28:00,Burg Hotel Bleske,32937,0,50804,NFB
90,508,Burg Hotel Bleske,2022-02-01T18:28:00,2022-02-01T18:29:00,LBurg Lindenstr,317,3,50804,NFB
91,508,Burg Lindenstr,2022-02-01T18:32:00,2022-02-01T19:20:00,Luebben Bahnhof,33033,20,50804,NFB
92,508,Luebben Bahnhof,2022-02-01T19:40:00,2022-02-01T20:28:00,Burg Hotel Bleske,32937,0,50804,NFB
93,508,Burg Hotel Bleske,2022-02-01T20:28:00,2022-02-01T20:29:00,LBurg Lindenstr,317,3,50804,NFB
94,508,Burg Lindenstr,2022-02-01T20:32:00,2022-02-01T21:20:00,Luebben Bahnhof,33033,0,50804,NFB
95,508,Luebben Bahnhof,2022-02-01T21:20:00,2022-02-01T21:29:00,Luebben Postbautenstr,3970,0,50804,NFB
96,508,Luebben Postbautenstr,2022-02-01T21:29:00,2022-02-01T21:30:00,Luebben Betriebshof,130,0,50804,NFB
97,509,Luebben Betriebshof,2022-02-01T05:45:00,2022-02-01T13:46:00,Luebben Postbautenstr,130,5,50903,NFB
98,509,Luebben Postbautenst,2022-02-01T05:51:00,2022-02-01T06:27:00,Maerkisch Buchholz Markt,28569,1,50903,NFB
99,509,Maerkisch Buchholz Markt,2022-02-01T06:28:00,2022-02-01T06:42:00,Hermsdorf,11314,0,50903,NFB
100,509,Hermsdorf,2022-02-01T06:42:00,2022-02-01T07:20:00,Teupitz Markt,25941,7,50903,NFB
101,509,Teupitz Markt,2022-02-01T07:27:00,2022-02-01T08:03:00,Hermsdorf,23155,0,50903,NFB
102,509,Hermsdorf,2022-02-01T08:03:00,2022-02-01T08:04:00,Hermsdorf Stellplatz,200,37,50903,NFB
103,509,Hermsdorf Stellplatz,2022-02-01T08:41:00,2022-02-01T08:52:00,Hermsdorf,200,5,50903,NFB
104,509,Hermsdorf,2022-02-01T08:47:00,2022-02-01T09:25:00,Teupitz Markt,25941,2,50903,NFB
105,509,Teupitz Markt,2022-02-01T09:27:00,2022-02-01T10:15:00,S Koenigs Wusterhausen Bhf,29931,0,50903,NFB
106,509,S Koenigs Wusterhausen Bhf,2022-02-01T10:15:00,2022-02-01T10:21:00,KWh Abstellplatz (M. -Gorki-Str),1700,13,50903,NFB
107,509,KWh Abstellplatz (M. -Gorki-Str),2022-02-01T10:34:00,2022-02-01T10:35:00,S Koenigs Wusterhausen Bhf,450,5,50903,NFB
108,509,S Koenigs Wusterhausen Bhf,2022-02-01T10:40:00,2022-02-01T11:26:00,Teupitz Markt,30466,1,50903,NFB
109,509,Teupitz Markt,2022-02-01T11:27:00,2022-02-01T12:06:00,Hermsdorf,25382,0,50903,NFB
110,509,Hermsdorf,2022-02-01T12:06:00,2022-02-01T12:07:00,Hermsdorf Stellplatz,200,34,50903,NFB
111,509,Hermsdorf Stellplatz,2022-02-01T12:41:00,2022-02-01T12:42:00,Hermsdorf,200,5,50903,NFB
112,509,Hermsdorf,2022-02-01T12:47:00,2022-02-01T13:02:00,Maerkisch Buchholz Markt,11220,3,50903,NFB
113,509,Maerkisch Buchholz Markt,2022-02-01T13:05:00,2022-02-01T13:54:00,Luebben Bahnhof,36693,0,50903,NFB
114,509,Luebben Bahnhof,2022-02-01T13:54:00,2022-02-01T14:04:00,Luebben Betriebshof,4140,0,50903,NFB
115,510,Luebben Betriebshof,2022-02-01T11:40:00,2022-02-01T11:45:00,Luebben Frankfurter Str,2687,2,51004,NFB
116,510,Luebben Frankfurter Str,2022-02-01T11:47:00,2022-02-01T12:13:00,Luebben Bahnhof,15090,0,51004,NFB
117,510,Luebben Bahnhof,2022-02-01T12:13:00,2022-02-01T12:23:00,Luebben Stellplatz Betriebshof,4140,25,51004,NFB
118,510,Luebben Stellplatz Betriebshof,2022-02-01T12:48:00,2022-02-01T12:49:00,Luebben Postbautenstr,130,4,51004,NFB
119,510,Luebben Postbautenstr,2022-02-01T12:53:00,2022-02-01T13:41:00,Luckau Am Anger,27372,0,51004,NFB
120,510,Luckau Am Anger,2022-02-01T13:41:00,2022-02-01T14:33:00,Luebben Reha-Zentrum,28871,3,51004,NFB
121,510,Luebben Reha-Zentrum,2022-02-01T14:36:00,2022-02-01T15:11:00,Luebben Reha-Zentrum,12612,10,51004,NFB
122,510,Luebben Reha-Zentrum,2022-02-01T15:21:00,2022-02-01T16:11:00,Luckau Am Anger,28822,0,51004,NFB
123,510,Luckau Am Anger,2022-02-01T16:11:00,2022-02-01T16:17:00,Luckau Stellplatz Betriebshof,5300,19,51004,NFB
124,510,Luckau Stellplatz Betriebshof,2022-02-01T16:36:00,2022-02-01T16:42:00,Luckau Schwimmbad,4080,1,51004,NFB
125,510,Luckau Schwimmbad,2022-02-01T16:43:00,2022-02-01T17:33:00,Luebben Reha-Zentrum,28871,3,51004,NFB
126,510,Luebben Reha-Zentrum,2022-02-01T17:36:00,2022-02-01T18:11:00,Luebben Reha-Zentrum,28871,10,51004,NFB
127,510,Luebben Reha-Zentrum,2022-02-01T18:21:00,2022-02-01T19:11:00,Luckau Am Anger,28822,0,51004,NFB
128,510,Luckau Am Anger,2022-02-01T19:11:00,2022-02-01T19:17:00,Luckau Stellplatz Betriebshof,5300,15,51004,NFB
129,510,Luckau Stellplatz Betriebshof,2022-02-01T19:33:00,2022-02-01T19:39:00,Luckau Schwimmbad,4080,4,51004,NFB
130,510,Luckau Schwimmbad,2022-02-01T19:43:00,2022-02-01T20:33:00,Luckau Reha-Zentrum,28871,0,51004,NFB
131,510,Luckau Reha-Zentrum,2022-02-01T20:33:00,2022-02-01T20:36:00,Luebben Betriebshof,1370,0,51004,NFB
132,511,Luebben Betriebshof,2022-02-01T05:11:00,2022-02-01T05:12:00,Luebben Postbautenstr,130,5,51113,NFB
133,511,Luebben Postbautenstr,2022-02-01T05:17:00,2022-02-01T05:43:00,Pretschen Pretschener Anger,21045,0,51113,NFB
134,511,Pretschen Pretschener Anger,2022-02-01T05:43:00,2022-02-01T06:14:00,Luebben Bahnhof,23030,6,51113,NFB
135,511,Luebben Bahnhof,2022-02-01T06:20:00,2022-02-01T06:52:00,Krausnick Wendeplatz,20975,1,51113,NFB
136,511,Krausnick Wendeplatz,2022-02-01T06:53:00,2022-02-01T07:37:00,Luebben Bahnhof,28896,0,51113,NFB
137,511,Luebben Bahnhof,2022-02-01T07:37:00,2022-02-01T07:47:00,Luebben Betriebshof,4140,293,51113,NFB
138,511,Luebben Betriebshof,2022-02-01T12:47:00,2022-02-01T12:57:00,Luebben Bahnhof,4220,5,51113,NFB
139,511,Luebben Bahnhof,2022-02-01T13:02:00,2022-02-01T13:09:00,Hartmannsdorf Schauna,4251,0,51113,NFB
140,511,Hartmannsdorf Schauna,2022-02-01T13:09:00,2022-02-01T13:17:00,Luebben Bahnhof,4241,13,51113,NFB
141,511,Luebben Bahnhof,2022-02-01T13:30:00,2022-02-01T13:45:00,Radensdorf Hauptstr,10294,0,51113,NFB
142,511,Radensdorf Hauptstr,2022-02-01T13:45:00,2022-02-01T14:13:00,Goyatz Schule,20564,60,51113,NFB
143,511,Goyatz Schule,2022-02-01T15:13:00,2022-02-01T15:55:00,Groeditsch Schule,29576,2,51113,NFB
144,511,Groeditsch Schule,2022-02-01T15:57:00,2022-02-01T16:35:00,Krausnick Wendeplatz,27443,0,51113,NFB
145,511,Krausnick Wendeplatz,2022-02-01T16:35:00,2022-02-01T16:55:00,Luebben Betriebshof,17527,0,51113,NFB
146,512,Luebben Betriebshof,2022-02-01T13:27:00,2022-02-01T13:35:00,Luebben Cottbusser Str,3900,5,51203,NFB
147,512,Luebben Cottbusser Str,2022-02-01T13:40:00,2022-02-01T14:35:00,Rietzneuendorf Gemeindeamt,31713,7,51203,NFB
148,512,Rietzneuendorf Gemeindeamt,2022-02-01T14:32:00,2022-02-01T15:13:00,Luebben Postbautenstr,33367,0,51203,NFB
149,512,Luebben Postbautenstr,2022-02-01T15:13:00,2022-02-01T15:14:00,Luebben Stellplatz Betriebshof,200,0,51203,NFB
150,512,Luebben Stellplatz Betriebshof,2022-02-01T15:14:00,2022-02-01T15:19:00,Luebben Frankfurter Str,2687,1,51203,NFB
151,512,Luebben Frankfurter Str,2022-02-01T15:20:00,2022-02-01T15:46:00,Luebben Bahnhof,15090,0,51203,NFB
152,512,Luebben Bahnhof,2022-02-01T15:46:00,2022-02-01T15:56:00,Luebben Stellplatz Betriebshof,4140,31,51203,NFB
153,512,Luebben Stellplatz Betriebshof,2022-02-01T16:27:00,2022-02-01T16:37:00,Luebben Bahnhof,4220,5,51203,NFB
154,512,Luebben Bahnhof,2022-02-01T16:42:00,2022-02-01T17:16:00,Kuschkow Dorfanger,26831,0,51203,NFB
155,512,Kuschkow Dorfanger,2022-02-01T17:16:00,2022-02-01T17:39:00,Luebben Bahnhof,17378,6,51203,NFB
156,512,Luebben Bahnhof,2022-02-01T17:45:00,2022-02-01T18:15:00,Neu Luebbenau Kita,20992,0,51203,NFB
157,512,Neu Luebbenau Kita,2022-02-01T18:15:00,2022-02-01T18:45:00,Luebben Bahnhof,20866,0,51203,NFB
158,512,Luebben Bahnhof,2022-02-01T18:45:00,2022-02-01T18:55:00,Luebben Betriebshof,4140,0,51203,NFB
159,513,Luebben Betriebshof,2022-02-01T06:00:00,2022-02-01T06:10:00,Luebben Bahnhof,4220,5,51313,NFB
160,513,Luebben Bahnhof,2022-02-01T06:15:00,2022-02-01T06:33:00,Briesensee Kreuzung,11099,0,51313,NFB
161,513,Briesensee Kreuzung,2022-02-01T06:33:00,2022-02-01T07:18:00,Straupitz Schule,30673,2,51313,NFB
162,513,Straupitz Schule,2022-02-01T07:20:00,2022-02-01T07:40:00,Goyatz Schule,16630,2,51313,NFB
163,513,Goyatz Schule,2022-02-01T07:40:00,2022-02-01T08:10:00,Luebben Betriebshof,23839,289,51313,NFB
164,513,Luebben Betriebshof,2022-02-01T12:59:00,2022-02-01T13:29:00,Goyatz Schule,23410,5,51323,NFB
165,513,Goyatz Schule,2022-02-01T13:34:00,2022-02-01T14:04:00,Groeditsch Schule,23573,1,51323,NFB
166,513,Groeditsch Schule,2022-02-01T14:05:00,2022-02-01T14:28:00,Alt-Schadow,17957,2,51323,NFB
167,513,Alt-Schadow,2022-02-01T14:30:00,2022-02-01T15:04:00,Luebben Bahnhof,27678,26,51323,NFB
168,513,Luebben Bahnhof,2022-02-01T15:30:00,2022-02-01T15:45:00,Radensdorf Hauptstr,10294,0,51323,NFB
169,513,Radensdorf Hauptstr,2022-02-01T15:45:00,2022-02-01T16:16:00,Goyatz Schule,24018,4,51323,NFB
170,513,Goyatz Schule,2022-02-01T16:20:00,2022-02-01T16:41:00,Straupitz Dorfplatz,17943,0,51323,NFB
171,513,Straupitz Dorfplatz,2022-02-01T16:41:00,2022-02-01T17:01:00,Luebben Betriebshof,15500,0,51323,NFB
172,514,Luebben Betriebshof,2022-02-01T13:47:00,2022-02-01T13:48:00,Luebben Postbautenstr,130,5,51403,NFB
173,514,Luebben Postbautenstr,2022-02-01T13:53:00,2022-02-01T14:41:00,Luckau Am Anger,27372,0,51403,NFB
174,514,Luckau Am Anger,2022-02-01T14:41:00,2022-02-01T14:46:00,Luckau Stellplatz Betriebshof,5300,15,51403,NFB
175,514,Luckau Stellplatz Betriebshof,2022-02-01T15:01:00,2022-02-01T15:04:00,Luckau Busbahnhof,1700,4,51403,NFB
176,514,Luckau Busbahnhof,2022-02-01T15:08:00,2022-02-01T15:34:00,Luebben Bahnhof,19794,3,51403,NFB
177,514,Luebben Bahnhof,2022-02-01T15:37:00,2022-02-01T16:06:00,Groeditsch Schule,19993,0,51403,NFB
178,514,Groeditsch Schule,2022-02-01T16:06:00,2022-02-01T16:36:00,Luebben Bahnhof,19756,9,51403,NFB
179,514,Luebben Bahnhof,2022-02-01T16:45:00,2022-02-01T17:37:00,Golssen Markt,39648,4,51403,NFB
180,514,Golssen Markt,2022-02-01T17:41:00,2022-02-01T18:12:00,Luebben Bahnhof,26543,0,51403,NFB
181,514,Luebben Bahnhof,2022-02-01T18:12:00,2022-02-01T18:23:00,Luebben Reha-Zentrum,5800,13,51403,NFB
182,514,Luebben Reha-Zentrum,2022-02-01T18:36:00,2022-02-01T19:11:00,Luebben Reha-Zentrum,12612,0,51403,NFB
183,514,Luebben Reha-Zentrum,2022-02-01T19:11:00,2022-02-01T19:14:00,Luebben Betriebshof,1370,0,51403,NFB
184,515,Luebben Betriebshof,2022-02-01T05:55:00,2022-02-01T06:00:00,Luebben An der Kupka,2200,5,51513,NFB
185,515,Luebben An der Kupka,2022-02-01T06:05:00,2022-02-01T06:42:00,Rietzneuendorf Gemeindeamt,29596,1,51513,NFB
186,515,Rietzneuendorf Gemeindeamt,2022-02-01T06:43:00,2022-02-01T07:27:00,Luebben Frankfurter Str,28594,0,51513,NFB
187,515,Luebben Frankfurter Str,2022-02-01T07:27:00,2022-02-01T07:32:00,Luebben Stellplatz Betriebshof,2687,75,51513,NFB
188,515,Luebben Stellplatz Betriebshof,2022-02-01T08:47:00,2022-02-01T08:57:00,Luebben Bahnhof,2687,5,51513,NFB
189,515,Luebben Bahnhof,2022-02-01T09:02:00,2022-02-01T09:09:00,Hartmannsdorf Schauna,4251,0,51513,NFB
190,515,Hartmannsdorf Schauna,2022-02-01T09:09:00,2022-02-01T09:17:00,Luebben Bahnhof,4241,23,51513,NFB
191,515,Luebben Bahnhof,2022-02-01T09:40:00,2022-02-01T10:18:00,Alt-Schadow,29618,2,51513,NFB
192,515,Alt-Schadow,2022-02-01T10:20:00,2022-02-01T10:28:00,Neu Luebbenau Hauptstr,7242,0,51513,NFB
193,515,Neu Luebbenau Hauptstr,2022-02-01T10:28:00,2022-02-01T11:09:00,Luebben Bahnhof,31635,0,51513,NFB
194,515,Luebben Bahnhof,2022-02-01T11:09:00,2022-02-01T11:19:00,Luebben Betriebshof,4140,138,51513,NFB
195,515,Luebben Betriebshof,2022-02-01T13:37:00,2022-02-01T13:42:00,Luebben  Frankfurter Str,2687,5,51513,NFB
196,515,Luebben Frankfurter Str,2022-02-01T13:47:00,2022-02-01T14:13:00,Luebben Bahnhof,15090,29,51513,NFB
197,515,Luebben Bahnhof,2022-02-01T14:42:00,2022-02-01T15:21:00,Alt-Schadow,30793,1,51513,NFB
198,515,Alt-Schadow,2022-02-01T15:22:00,2022-02-01T15:40:00,Groeditsch Schule,14580,18,51513,NFB
199,515,Groeditsch Schule,2022-02-01T15:58:00,2022-02-01T16:34:00,Klein Leine,26939,0,51513,NFB
200,515,Klein Leine,2022-02-01T16:34:00,2022-02-01T16:49:00,Luebben Betriebshof,11723,0,51513,NFB
201,517,Luebben Betriebshof,2022-02-01T06:25:00,2022-02-01T06:35:00,Luebben Bahnhof,4220,5,51704,NFB
202,517,Luebben Bahnhof,2022-02-01T06:40:00,2022-02-01T06:55:00,Luebben Bahnhof,7088,8,51704,NFB
203,517,Luebben Bahnhof,2022-02-01T07:03:00,2022-02-01T07:22:00,Luebben Berliner Str,9609,0,51704,NFB
204,517,Luebben Berliner Str,2022-02-01T07:22:00,2022-02-01T07:26:00,Luebben Bahnhof,1960,14,51704,NFB
205,517,Luebben Bahnhof,2022-02-01T07:40:00,2022-02-01T08:23:00,Luebben Bahnhof,15527,17,51704,NFB
206,517,Luebben Bahnhof,2022-02-01T08:40:00,2022-02-01T09:28:00,Burg Hotel Bleske,32937,0,51704,NFB
207,517,Burg Hotel Bleske,2022-02-01T09:28:00,2022-02-01T09:29:00,Burg Lindenstr,317,3,51704,NFB
208,517,Burg Lindenstr,2022-02-01T09:32:00,2022-02-01T10:20:00,Luebben Bahnhof,33033,42,51704,NFB
209,517,Luebben Bahnhof,2022-02-01T11:02:00,2022-02-01T11:09:00,Hartmannsdorf Schauna,4251,0,51704,NFB
210,517,Hartmannsdorf Schauna,2022-02-01T11:09:00,2022-02-01T11:17:00,Luebben Bahnhof,4241,0,51704,NFB
211,517,Luebben Bahnhof,2022-02-01T11:17:00,2022-02-01T11:49:00,Goyatz Schule,25100,1,51704,NFB
212,517,Goyatz Schule,2022-02-01T11:50:00,2022-02-01T12:25:00,Lieberose Markt,28819,8,51704,NFB
213,517,Lieberose Markt,2022-02-01T12:33:00,2022-02-01T13:09:00,Goyatz Schule,28947,24,51704,NFB
214,517,Goyatz Schule,2022-02-01T13:33:00,2022-02-01T14:01:00,Radensdorf Hauptstr,22736,1,51704,NFB
215,517,Radensdorf Hauptstr,2022-02-01T14:02:00,2022-02-01T14:19:00,Luebben Bahnhof,9371,1,51704,NFB
216,517,Luebben Bahnhof,2022-02-01T14:20:00,2022-02-01T14:37:00,Schoenwalde Schule,13050,0,51704,NFB
217,517,Schoenwalde Schule,2022-02-01T14:37:00,2022-02-01T15:03:00,Schlepzig Kirche,21835,0,51704,NFB
218,517,Schlepzig Kirche,2022-02-01T15:03:00,2022-02-01T15:15:00,Luebben Am Ostbahnhof,10517,0,51704,NFB
219,517,Luebben Am Ostbahnhof,2022-02-01T15:15:00,2022-02-01T15:18:00,Luebben Betriebshof,1500,0,51704,NFB
220,519,Luebben Betriebshof,2022-02-01T05:55:00,2022-02-01T05:58:00,Luebben Am Ostbahnhof,1512,5,51903,NFB
221,519,Luebben Am Ostbahnhof,2022-02-01T06:03:00,2022-02-01T06:58:00,Groeditsch Schule,42479,0,51903,NFB
222,519,Groeditsch Schule,2022-02-01T06:58:00,2022-02-01T07:42:00,Luebben An der Kupka,28352,0,51903,NFB
223,519,Luebben An der Kupka,2022-02-01T07:42:00,2022-02-01T08:12:00,Neuendorf am See,24000,8,51903,NFB
224,519,Neuendorf am See,2022-02-01T08:20:00,2022-02-01T08:30:00,Neu Luebbenau Hauptstr,6615,0,51903,NFB
225,519,Neu Luebbenau Hauptstr,2022-02-01T08:30:00,2022-02-01T09:11:00,Luebben Bahnhof,31635,51,51903,NFB
226,519,Luebben Bahnhof,2022-02-01T10:02:00,2022-02-01T10:58:00,Birkenhainchen B 87,41367,0,51903,NFB
227,519,Birkenhainchen B 87,2022-02-01T10:58:00,2022-02-01T11:26:00,Luebben An der Kupka,18791,0,51903,NFB
228,519,Luebben An der Kupka,2022-02-01T11:26:00,2022-02-01T11:30:00,Luebben Stellplatz Betriebshof,2500,30,51903,NFB
229,519,Luebben Stellplatz Betriebshof,2022-02-01T12:00:00,2022-02-01T12:10:00,Luebben Bahnhof,4220,5,51903,NFB
230,519,Luebben Bahnhof,2022-02-01T12:15:00,2022-02-01T13:00:00,Alt-Schadow,33729,0,51903,NFB
231,519,Alt-Schadow,2022-02-01T13:00:00,2022-02-01T13:34:00,Luebben Bahnhof,26640,1,51903,NFB
232,519,Luebben Bahnhof,2022-02-01T13:35:00,2022-02-01T14:04:00,Groeditsch Schule,19993,3,51903,NFB
233,519,Groeditsch Schule,2022-02-01T14:07:00,2022-02-01T14:40:00,Biebersdorf Kita,27864,0,51903,NFB
234,519,Biebersdorf Kita,2022-02-01T14:40:00,2022-02-01T14:50:00,Luebben Betriebshof,7984,0,51903,NFB
235,521,Luebben Betriebshof,2022-02-01T06:08:00,2022-02-01T06:18:00,Schlepzig Bergstr,11400,5,52114,NFB
236,521,Schlepzig Bergstr,2022-02-01T06:23:00,2022-02-01T07:10:00,Groeditsch Schule,31420,3,52114,NFB
237,521,Groeditsch Schule,2022-02-01T07:13:00,2022-02-01T07:35:00,Goyatz Schule,17767,0,52114,NFB
238,521,Goyatz Schule,2022-02-01T07:35:00,2022-02-01T07:50:00,Klein Leuthen,14650,5,52114,NFB
239,521,Klein Leuthen,2022-02-01T07:55:00,2022-02-01T08:00:00,Leibchel Gasthof B 87,2869,0,52114,NFB
240,521,Leibchel Gasthof B 87,2022-02-01T08:00:00,2022-02-01T08:58:00,Luebben An der Kupka,41146,0,52114,NFB
240,521,Luebben An der Kupka,2022-02-01T08:58:00,2022-02-01T09:05:00,Luebben Reha-Zentrum,3470,31,52114,NFB
241,521,Luebben Reha-Zentrum,2022-02-01T09:36:00,2022-02-01T10:11:00,Luebben Reha-Zentrum,12612,0,52114,NFB
242,521,Luebben Reha-Zentrum,2022-02-01T10:11:00,2022-02-01T10:14:00,Luebben Betriebshof,1370,0,52114,NFB
243,521,Luebben Betriebshof,2022-02-01T13:32:00,2022-02-01T13:42:00,Luebben Bahnhof,4220,5,52124,NFB
244,521,Luebben Bahnhof,2022-02-01T13:47:00,2022-02-01T14:40:00,Maerkisch Buchholz Markt,38307,0,52124,NFB
245,521,Maerkisch Buchholz Markt,2022-02-01T14:40:00,2022-02-01T14:46:00,Halbe Goetheplatz,4560,4,52124,NFB
246,521,Halbe Goetheplatz,2022-02-01T14:50:00,2022-02-01T15:27:00,Brand Bahnhof,21069,0,52124,NFB
247,521,Brand Bahnhof,2022-02-01T15:27:00,2022-02-01T15:50:00,Halbe Goetheplatz,13791,0,52124,NFB
248,521,Halbe Goetheplatz,2022-02-01T15:50:00,2022-02-01T15:56:00,Maerkisch Buchholz Markt,4473,9,52124,NFB
249,521,Maerkisch Buchholz Markt,2022-02-01T16:05:00,2022-02-01T16:54:00,Luebben Bahnhof,36693,0,52124,NFB
250,521,Luebben Bahnhof,2022-02-01T16:54:00,2022-02-01T17:04:00,Luebben Betriebshof,4140,0,52124,NFB
251,523,Luebben Betriebshof,2022-02-01T05:00:00,2022-02-01T05:15:00,Birkenhainchen B 87,13500,5,52313,NFB
252,523,Birkenhainchen B 87,2022-02-01T05:20:00,2022-02-01T05:36:00,Wittmannsdorf Zur Kirche,13370,1,52313,NFB
253,523,Wittmannsdorf Zur Kirche,2022-02-01T05:37:00,2022-02-01T06:12:00,Luebben Bahnhof,27213,1,52313,NFB
254,523,Luebben Bahnhof,2022-02-01T06:13:00,2022-02-01T06:48:00,Groeditsch Schule,21938,0,52313,NFB
255,523,Groeditsch Schule,2022-02-01T06:48:00,2022-02-01T06:55:00,Pretschen Pretschener Anger,4730,0,52313,NFB
256,523,Pretschen Pretschener Anger,2022-02-01T06:55:00,2022-02-01T07:02:00,Groeditsch Schule,4681,2,52313,NFB
257,523,Groeditsch Schule,2022-02-01T07:04:00,2022-02-01T07:36:00,Luebben Bahnhof,20861,0,52313,NFB
258,523,Luebben Bahnhof,2022-02-01T07:36:00,2022-02-01T07:46:00,Luebben Betriebshof,4140,0,52313,NFB
259,523,Luebben Betriebshof,2022-02-01T11:14:00,2022-02-01T11:44:00,Burg Schule,27280,5,52323,NFB
260,523,Burg Schule,2022-02-01T11:49:00,2022-02-01T13:28:00,Goyatz Schule,68809,7,52323,NFB
261,523,Goyatz Schule,2022-02-01T13:28:00,2022-02-01T15:07:00,Burg Schule,69567,0,52323,NFB
262,523,Burg Schule,2022-02-01T15:07:00,2022-02-01T15:22:00,Straupitz Schule,12648,0,52323,NFB
263,523,Straupitz Schule,2022-02-01T15:38:00,2022-02-01T16:27:00,Gross Leine Neue Dorfstr,35744,0,52323,NFB
264,523,Gross Leine Neue Dorfstr,2022-02-01T16:27:00,2022-02-01T16:47:00,Luebben Betriebshof,15046,0,52323,NFB
265,525,Luebben Betriebshof,2022-02-01T06:34:00,2022-02-01T06:35:00,Luebben Postbautenstr,130,5,52513,NFB
266,525,Luebben Postbautenstr,2022-02-01T06:40:00,2022-02-01T06:50:00,Golssen Markt,41664,5,52513,NFB
267,525,Golssen Markt,2022-02-01T06:55:00,2022-02-01T08:47:00,Luebben Bahnhof,43482,0,52513,NFB
268,525,Luebben Bahnhof,2022-02-01T08:47:00,2022-02-01T08:57:00,Luebben Betriebshof,4140,0,52513,NFB
269,525,Luebben Betriebshof,2022-02-01T13:07:00,2022-02-01T13:15:00,Luebben Cottbuser Str,3900,5,52523,NFB
270,525,Luebben Cottbuser Str,2022-02-01T13:20:00,2022-02-01T14:02:00,Groeditsch Schule,27983,3,52523,NFB
271,525,Groeditsch Schule,2022-02-01T14:05:00,2022-02-01T14:51:00,Luebben Briesener Zergoweg,35710,0,52523,NFB
272,525,Luebben Briesener Zergoweg,2022-02-01T14:51:00,2022-02-01T14:53:00,Luebben Stellplatz Betriebshof,1000,27,52523,NFB
273,525,Luebben Stellplatz Betriebshof,2022-02-01T15:20:00,2022-02-01T15:25:00,Luebben Frankfurter Str,2687,0,52523,NFB
274,525,Luebben Frankfurter Str,2022-02-01T15:27:00,2022-02-01T16:09:00,Schoenwalde Bahnhof,25414,0,52523,NFB
275,525,Schoenwalde Bahnhof,2022-02-01T16:09:00,2022-02-01T16:40:00,Luebben Bahnhof,25579,5,52523,NFB
276,525,Luebben Bahnhof,2022-02-01T16:45:00,2022-02-01T17:33:00,Neuendorf am See,33998,1,52523,NFB
277,525,Neuendorf am See,2022-02-01T16:45:00,2022-02-01T17:33:00,Neu Luebbenau Hauptstr,6615,0,52523,NFB
278,525,Neu Luebbenau Hauptstr,2022-02-01T17:34:00,2022-02-01T17:44:00,Luebben Betriebshof,17500,0,52523,NFB
279,527,Luebben Betriebshof,2022-02-01T04:25:00,2022-02-01T04:35:00,Luebben Bahnhof,4220,5,52703,NFB
280,527,Luebben Bahnhof,2022-02-01T04:40:00,2022-02-01T04:59:00,Radensdorf Hauptstr,10671,1,52703,NFB
281,527,Radensdorf Hauptstr,2022-02-01T05:00:00,2022-02-01T05:20:00,Luebben Bahnhof,9905,0,52703,NFB
282,527,Luebben Bahnhof,2022-02-01T05:20:00,2022-02-01T05:54:00,Golssen Markt,26993,1,52703,NFB
283,527,Golssen Markt,2022-02-01T05:55:00,2022-02-01T06:25:00,Luckau Busbahnhof,22614,10,52703,NFB
284,527,Luckau Busbahnhof,2022-02-01T06:35:00,2022-02-01T07:22:00,Dahme Otto-Zacke-Platz,30976,0,52703,NFB
285,527,Dahme Otto-Zacke-Platz,2022-02-01T07:22:00,2022-02-01T07:26:00,Dahme Stellplatz Stuetzpunkt,1900,30,52703,NFB
286,527,Dahme Stellplatz Stuetzpunkt,2022-02-01T07:56:00,2022-02-01T08:00:00,Dahme Otto-Zacke-Platz,1800,5,52703,NFB
287,527,Dahme Otto-Zacke-Platz,2022-02-01T08:05:00,2022-02-01T08:44:00,Luckau Busbahnhof,29986,0,52703,NFB
288,527,Luckau Busbahnhof,2022-02-01T08:44:00,2022-02-01T08:49:00,Luckau Stellplatz Betriebshof,1700,26,52703,NFB
289,527,Luckau Stellplatz Betriebshof,2022-02-01T09:15:00,2022-02-01T09:20:00,Luckau Karl-Marx-Str,2740,2,52703,NFB
290,527,Luckau Karl-Marx-Str,2022-02-01T09:22:00,2022-02-01T09:44:00,Luckau Busbahnhof,12865,0,52703,NFB
291,527,Luckau Busbahnhof,2022-02-01T09:44:00,2022-02-01T09:49:00,Luckau Stellplatz Betriebshof,1700,13,52703,NFB
292,527,Luckau Stellplatz Betriebshof,2022-02-01T10:02:00,2022-02-01T10:05:00,Luckau Busbahnhof,1700,0,52703,NFB
293,527,Luckau Busbahnhof,2022-02-01T10:05:00,2022-02-01T10:33:00,Luckau Busbahnhof,21029,2,52703,NFB
294,527,Luckau Busbahnhof,2022-02-01T10:35:00,2022-02-01T11:12:00,Luckau Krankenhaus,24834,0,52703,NFB
295,527,Luckau Krankenhaus,2022-02-01T11:12:00,2022-02-01T11:36:00,Luebben Betriebshof,20600,0,52703,NFB
296,529,Luebben Betriebshof,2022-02-01T05:19:00,2022-02-01T05:33:00,Caminchen,11033,5,52903,NFB
297,529,Caminchen,2022-02-01T05:38:00,2022-02-01T05:54:00,Radensdorf Hauptstr,11619,0,52903,NFB
298,529,Radensdorf Hauptstr,2022-02-01T05:54:00,2022-02-01T06:17:00,Byhlen,18000,9,52903,NFB
299,529,Byhlen,2022-02-01T06:28:00,2022-02-01T07:12:00,Radensdorf Hauptstr,33399,1,52903,NFB
300,529,Radensdorf Hauptstr,2022-02-01T07:13:00,2022-02-01T07:29:00,Luebben Wettiner Str,8725,1,52903,NFB
301,529,Luebben Wettiner Str,2022-02-01T07:30:00,2022-02-01T07:37:00,Luebben Cottbuser Str,2984,0,52903,NFB
302,529,Luebben Cottbuser Str,2022-02-01T07:37:00,2022-02-01T08:07:00,Groeditsch Schule,19300,68,52903,NFB
303,529,Groeditsch Schule,2022-02-01T09:15:00,2022-02-01T10:00:00,Luebbenau W.-Seelenbinder-Str,28350,0,52903,NFB
304,529,Luebbenau W.-Seelenbinder-Str,2022-02-01T10:00:00,2022-02-01T10:30:00,Schoenwalde Schule,25790,60,52903,NFB
305,529,Schoenwalde Schule,2022-02-01T11:30:00,2022-02-01T12:00:00,Luebbenau W.-Seelenbinder-Str,25426,0,52903,NFB
306,529,Luebbenau W.-Seelenbinder-Str,2022-02-01T12:00:00,2022-02-01T12:03:00,Luebbenau Stellplatz Busbahnhof,1500,17,52903,NFB
307,529,Luebbenau Stellplatz Busbahnhof,2022-02-01T12:20:00,2022-02-01T12:25:00,Luebbenau W.-Seelenbinder-Str,2200,5,52903,NFB
308,529,Luebbenau W.-Seelenbinder-Str,2022-02-01T12:30:00,2022-02-01T12:50:00,Luebben Frankfurter Str,12200,0,52903,NFB
309,529,Luebben Frankfurter Str,2022-02-01T12:50:00,2022-02-01T13:12:00,Luebbenau W.-Seelenbinder-Str,14200,28,52903,NFB
310,529,Luebbenau W.-Seelenbinder-Str,2022-02-01T13:40:00,2022-02-01T14:10:00,Schoenwalde Schule,25790,0,52903,NFB
311,529,Schoenwalde Schule,2022-02-01T14:10:00,2022-02-01T14:30:00,Luebben Betriebshof,16200,0,52903,NFB
312,531,Luebben Betriebshof,2022-02-01T06:45:00,2022-02-01T06:55:00,Schlepzig Bergstr,11400,5,53103,NFB
313,531,Schlepzig Bergstr,2022-02-01T07:00:00,2022-02-01T07:27:00,Schoenwalde Amtsverwaltung,21502,0,53103,NFB
314,531,Schoenwalde Amtsverwaltung,2022-02-01T07:27:00,2022-02-01T07:39:00,Krausnick Wendeplatz,9030,4,53103,NFB
315,531,Krausnick Wendeplatz,2022-02-01T07:43:00,2022-02-01T08:19:00,Luebben Bahnhof,27159,21,53103,NFB
316,531,Luebben Bahnhof,2022-02-01T08:40:00,2022-02-01T09:30:00,Maerkisch Buchholz Markt,36728,2,53103,NFB
317,531,Maerkisch Buchholz Markt,2022-02-01T09:32:00,2022-02-01T09:41:00,Koethen,6080,1,53103,NFB
318,531,Koethen,2022-02-01T09:42:00,2022-02-01T10:02:00,Maerkisch Buchholz Markt,14921,3,53103,NFB
319,531,Maerkisch Buchholz Markt,2022-02-01T10:05:00,2022-02-01T10:54:00,Luebben Bahnhof,36693,0,53103,NFB
320,531,Luebben Bahnhof,2022-02-01T10:54:00,2022-02-01T11:04:00,Luebben Betriebshof,4140,53,53103,NFB
321,531,Luebben Betriebshof,2022-02-01T11:57:00,2022-02-01T12:07:00,Luebben Bahnhof,4220,5,53103,NFB
322,531,Luebben Bahnhof,2022-02-01T12:12:00,2022-02-01T13:09:00,Birkenhainchen B 87,41900,0,53103,NFB
323,531,Birkenhainchen B 87,2022-02-01T13:09:00,2022-02-01T13:30:00,Luebben Bahnhof,15437,2,53103,NFB
324,531,Luebben Bahnhof,2022-02-01T13:32:00,2022-02-01T14:03:00,Groeditsch Schule,22138,2,53103,NFB
325,531,Groeditsch Schule,2022-02-01T14:05:00,2022-02-01T14:35:00,Klein Leine,22036,2,53103,NFB
326,531,Klein Leine,2022-02-01T14:35:00,2022-02-01T14:50:00,Luebben Betriebshof,11723,0,53103,NFB
327,533,Luebben Betriebshof,2022-02-01T6:45:00,2022-02-01T06:53:00,Luebben Cottbuser Str,3900,5,53313,NFB
328,533,Luebben Cottbuser Str,2022-02-01T06:58:00,2022-02-01T07:25:00,Luebben Frankfurter Str,10629,0,53313,NFB
329,533,Luebben Frankfurter Str,2022-02-01T07:25:00,2022-02-01T07:31:00,Luebben Reha-Zentrum,2900,5,53313,NFB
330,533,Luebben Reha-Zentrum,2022-02-01T07:36:00,2022-02-01T08:11:00,Luebben Reha-Zentrum,12612,5,53313,NFB
331,533,Luebben Reha-Zentrum,2022-02-01T08:11:00,2022-02-01T08:14:00,Luebben Betriebshof,1370,0,53313,NFB
332,533,Luebben Betriebshof,2022-02-01T11:25:00,2022-02-01T11:35:00,Luebben Bahnhof,4220,5,53323,NFB
333,533,Luebben Bahnhof,2022-02-01T11:40:00,2022-02-01T12:21:00,Leibsch Leibscher Hauptstr,27720,0,53323,NFB
334,533,Leibsch Leibscher Hauptstr,2022-02-01T12:21:00,2022-02-01T12:35:00,Groeditsch Schule,9396,8,53323,NFB
335,533,Groeditsch Schule,2022-02-01T12:43:00,2022-02-01T13:16:00,Biebersdorf Kita,27864,0,53323,NFB
336,533,Biebersdorf Kita,2022-02-01T13:16:00,2022-02-01T13:27:00,Groeditsch Schule,9195,38,53323,NFB
337,533,Groeditsch Schule,2022-02-01T14:05:00,2022-02-01T14:18:00,Schlepzig Bergstr,10123,0,53323,NFB
338,533,Schlepzig Bergstr,2022-02-01T14:18:00,2022-02-01T14:46:00,Schoenwalde Schule,21468,0,53323,NFB
339,533,Schoenwalde Schule,2022-02-01T14:46:00,2022-02-01T15:01:00,Luebben Bahnhof,12691,21,53323,NFB
340,533,Luebben Bahnhof,2022-02-01T15:27:00,2022-02-01T16:25:00,Birkenhainchen B 87,44713,0,53323,NFB
341,533,Birkenhainchen B 87,2022-02-01T16:25:00,2022-02-01T16:46:00,Luebben Bahnhof,15437,2,53323,NFB
342,533,Luebben Bahnhof,2022-02-01T16:48:00,2022-02-01T17:10:00,Birkenhainchen B 87,16592,0,53323,NFB
343,533,Birkenhainchen B 87,2022-02-01T17:10:00,2022-02-01T18:05:00,Luebben Bahnhof,41409,0,53323,NFB
344,533,Luebben Bahnhof,2022-02-01T18:05:00,2022-02-01T18:15:00,Luebben Betriebshof,4140,0,53323,NFB
345,535,Luebben Betriebshof,2022-02-01T06:12:00,2022-02-01T06:14:00,Luebben Lieberoser Str,413,5,53503,NFB
346,535,Luebben Lieberoser Str,2022-02-01T06:19:00,2022-02-01T06:23:00,Radensdorf Hauptstr,4801,0,53503,NFB
347,535,Radensdorf Hauptstr,2022-02-01T06:23:00,2022-02-01T06:34:00,Klein Leine,9072,1,53503,NFB
348,535,Klein Leine,2022-02-01T06:35:00,2022-02-01T07:16:00,Groeditsch Schule,27668,4,53503,NFB
349,535,Klein Leine,2022-02-01T07:20:00,2022-02-01T07:40:00,Alt-Schadow,17556,40,53503,NFB
350,535,Alt-Schadow,2022-02-01T08:20:00,2022-02-01T09:01:00,Luebben Bahnhof,33558,0,53503,NFB
351,535,Luebben Bahnhof,2022-02-01T09:01:00,2022-02-01T09:11:00,Luebben Betriebshof,4140,0,53503,NFB
352,537,Luebben Betriebshof,2022-02-01T05:15:00,2022-02-01T05:16:00,Luebben Postbautenstr,130,5,53703,NFB
353,537,Luebben Postbautenstr,2022-02-01T05:21:00,2022-02-01T06:11:00,Luckau Busbahnhof,33690,1,53703,NFB
354,537,Luckau Busbahnhof,2022-02-01T06:12:00,2022-02-01T06:41:00,Golssen Markt,22538,6,53703,NFB
355,537,Golssen Markt,2022-02-01T06:47:00,2022-02-01T07:40:00,Luebben Frankfurter Str,35317,0,53703,NFB
356,537,Luebben Frankfurter Str,2022-02-01T07:40:00,2022-02-01T07:45:00,Luebben Betriebshof,2690,0,53703,NFB
357,541,Radensdorf AH Fa UELV,2022-02-01T06:28:00,2022-02-01T06:58:00,Jessern Wendeplatz,21200,5,54103,NFB
358,541,Jessern Wendeplatz,2022-02-01T07:03:00,2022-02-01T07:09:00,Goyatz Schule,3488,1,54103,NFB
359,541,Goyatz Schule,2022-02-01T07:10:00,2022-02-01T07:56:00,Burg Schule,38022,0,54103,NFB
360,541,Burg Schule,2022-02-01T07:56:00,2022-02-01T07:58:00,Burg Stuetzpunkt CV,570,45,54103,NFB
361,541,Burg Stuetzpunkt CV,2022-02-01T08:43:00,2022-02-01T08:45:00,Burg Schule,570,5,54103,NFB
362,541,Burg Schule,2022-02-01T08:50:00,2022-02-01T09:35:00,Goyatz Schule,37335,15,54103,NFB
363,541,Goyatz Schule,2022-02-01T09:50:00,2022-02-01T10:25:00,Lieberose Markt,28819,8,54103,NFB
364,541,Lieberose Markt,2022-02-01T10:33:00,2022-02-01T11:09:00,Goyatz Schule,28947,9,54103,NFB
365,541,Goyatz Schule,2022-02-01T11:20:00,2022-02-01T12:04:00,Burg Schule,37031,0,54103,NFB
366,541,Burg Schule,2022-02-01T12:04:00,2022-02-01T12:06:00,Burg Stuetzpunkt CV,570,37,54103,NFB
367,541,Burg Stuetzpunkt CV,2022-02-01T12:43:00,2022-02-01T12:45:00,Burg Schule,570,5,54103,NFB
368,541,Burg Schule,2022-02-01T12:50:00,2022-02-01T13:15:00,Straupitz Dorfplatz,19010,2,54103,NFB
369,541,Straupitz Dorfplatz,2022-02-01T13:17:00,2022-02-01T13:37:00,Lieberose Markt,17869,0,54103,NFB
370,541,Lieberose Markt,2022-02-01T13:37:00,2022-02-01T13:44:00,Jamlitz Sportplatz,4880,0,54103,NFB
371,541,Jamlitz Sportplatz,2022-02-01T13:44:00,2022-02-01T13:52:00,Lieberose Schule,5133,0,54103,NFB
372,541,Lieberose Schule,2022-02-01T13:52:00,2022-02-01T14:12:00,Goyatz Schule,15900,3,54103,NFB
373,541,Goyatz Schule,2022-02-01T14:15:00,2022-02-01T14:40:00,Siegadel,18376,0,54103,NFB
374,541,Siegadel,2022-02-01T14:40:00,2022-02-01T15:00:00,Radensdorf AH Fa UELV,15800,0,54103,NFB
375,581,Straupitz Stuetzpunkt,2022-02-01T04:43:00,2022-02-01T04:45:00,Straupitz Dorfplatz,1000,5,58104,NFB
376,581,Straupitz Dorfplatz,2022-02-01T04:50:00,2022-02-01T05:04:00,Burg Hotel Bleske,11740,0,58104,NFB
377,581,Burg Hotel Bleske,2022-02-01T05:04:00,2022-02-01T05:09:00,Burg Stuetzpunkt CV,1500,13,58104,NFB
378,581,Burg Stuetzpunkt CV,2022-02-01T05:22:00,2022-02-01T05:27:00,Burg Lindenstr,1500,5,58104,NFB
379,581,Burg Lindenstr,2022-02-01T05:32:00,2022-02-01T06:20:00,Luebben Bahnhof,33033,20,58104,NFB
380,581,Luebben Bahnhof,2022-02-01T06:40:00,2022-02-01T07:30:00,Burg Hotel Bleske,33938,0,58104,NFB
381,581,Burg Hotel Bleske,2022-02-01T06:40:00,2022-02-01T07:31:00,Burg Lindenstr,317,1,58104,NFB
382,581,Burg Lindenstr,2022-02-01T07:32:00,2022-02-01T08:20:00,Luebben Bahnhof,33033,20,58104,NFB
383,581,Luebben Bahnhof,2022-02-01T08:40:00,2022-02-01T09:23:00,Luebben Bahnhof,15527,0,58104,NFB
384,581,Luebben Bahnhof,2022-02-01T09:23:00,2022-02-01T09:33:00,Luebben Stellplatz Betriebshof,4140,52,58104,NFB
385,581,Luebben Stellplatz Betriebshof,2022-02-01T10:25:00,2022-02-01T10:35:00,Luebben Bahnhof,4220,5,58104,NFB
386,581,Luebben Bahnhof,2022-02-01T10:40:00,2022-02-01T11:28:00,Burg Hotel Bleske,32937,0,58104,NFB
387,581,Burg Hotel Bleske,2022-02-01T11:28:00,2022-02-01T11:29:00,Burg Lindenstr,317,3,58104,NFB
388,581,Burg Lindenstr,2022-02-01T11:32:00,2022-02-01T12:20:00,Luebben Bahnhof,33033,20,58104,NFB
389,581,Luebben Bahnhof,2022-02-01T12:40:00,2022-02-01T13:13:00,Straupitz Dorfplatz,21197,0,58104,NFB
390,581,Straupitz Dorfplatz,2022-02-01T13:13:00,2022-02-01T13:15:00,Straupitz Stuetzpunkt,1000,0,58104,NFB
391,582,Straupitz Stuetzpunkt,2022-02-01T13:30:00,2022-02-01T13:50:00,Lieberose Schule,16850,5,58203,NFB
392,582,Lieberose Schule,2022-02-01T13:55:00,2022-02-01T14:15:00,Straupitz Dorfplatz,19444,0,58203,NFB
393,582,Straupitz Dorfplatz,2022-02-01T14:15:00,2022-02-01T14:35:00,Goyatz Schule,18325,38,58203,NFB
394,582,Goyatz Schule,2022-02-01T15:13:00,2022-02-01T16:04:00,Burg Hotel Bleske,39461,0,58203,NFB
395,582,Burg Hotel Bleske,2022-02-01T16:04:00,2022-02-01T16:05:00,Burg Lindenstr,317,1,58203,NFB
395,582,Burg Lindenstr,2022-02-01T16:06:00,2022-02-01T17:28:00,Goyatz Schule,59189,1,58203,NFB
396,582,Goyatz Schule,2022-02-01T17:29:00,2022-02-01T19:04:00,Burg Schule,68576,38,58203,NFB
397,582,Burg Schule,2022-02-01T19:44:00,2022-02-01T19:49:00,Burg Stuetzpunkt CV,570,5,58203,NFB
398,582,Burg Stuetzpunkt CV,2022-02-01T19:54:00,2022-02-01T20:16:00,Straupitz Dorfplatz,18048,0,58203,NFB
399,582,Straupitz Dorfplatz,2022-02-01T20:16:00,2022-02-01T20:18:00,Straupitz Stuetzpunkt,1000,0,58203,NFB
400,583,Straupitz Stuetzpunkt,2022-02-01T05:27:00,2022-02-01T05:34:00,Byhlen,5700,5,58303,NFB
401,583,Byhlen,2022-02-01T05:39:00,2022-02-01T05:45:00,Straupitz Dorfplatz,5088,5,58303,NFB
402,583,Straupitz Dorfplatz,2022-02-01T05:50:00,2022-02-01T06:04:00,Burg Hotel Bleske,11740,0,58303,NFB
403,583,Burg Hotel Bleske,2022-02-01T06:04:00,2022-02-01T06:09:00,Burg Stuetzpunkt CV,1500,34,58303,NFB
404,583,Burg Stuetzpunkt CV,2022-02-01T06:43:00,2022-02-01T06:48:00,Burg Lindenstr,1500,5,58303,NFB
405,583,Burg Lindenstr,2022-02-01T06:53:00,2022-02-01T07:35:00,Goyatz Schule,36373,15,58303,NFB
406,583,Goyatz Schule,2022-02-01T07:50:00,2022-02-01T08:25:00,Lieberose Markt,28819,8,58303,NFB
407,583,Lieberose Markt,2022-02-01T08:33:00,2022-02-01T09:09:00,Goyatz Schule,28947,11,58303,NFB
408,583,Goyatz Schule,2022-02-01T09:20:00,2022-02-01T10:02:00,Burg Hotel Bleske,35945,0,58303,NFB
409,583,Burg Hotel Bleske,2022-02-01T10:02:00,2022-02-01T10:07:00,Burg Stuetzpunkt CV,1500,36,58303,NFB
410,583,Burg Stuetzpunkt CV,2022-02-01T10:43:00,2022-02-01T10:48:00,Burg Lindenstr,1500,5,58303,NFB
411,583,Burg Lindenstr,2022-02-01T10:53:00,2022-02-01T11:35:00,Goyatz Schule,36373,0,58303,NFB
412,583,Goyatz Schule,2022-02-01T11:35:00,2022-02-01T11:53:00,Straupitz Stuetzpunkt,15314,0,58303,NFB
413,584,Straupitz Stuetzpunkt,2022-02-01T13:06:00,2022-02-01T13:08:00,Straupitz Dorfplatz,1000,5,58404,NFB
414,584,Straupitz Dorfplatz,2022-02-01T13:13:00,2022-02-01T13:28:00,Burg Hotel Bleske,11740,0,58404,NFB
415,584,Burg Hotel Bleske,2022-02-01T13:28:00,2022-02-01T13:33:00,Burg Stuetzpunkt CV,1500,9,58404,NFB
416,584,Burg Stuetzpunkt CV,2022-02-01T13:42:00,2022-02-01T13:44:00,Burg Schule,570,5,58404,NFB
417,584,Burg Schule,2022-02-01T13:49:00,2022-02-01T14:54:00,Briesensee Dorfstr,48955,0,58404,NFB
418,584,Briesensee Dorfstr,2022-02-01T14:54:00,2022-02-01T14:58:00,Radensdorf Hauptstr,5100,0,58404,NFB
419,584,Radensdorf Hauptstr,2022-02-01T14:58:00,2022-02-01T15:05:00,Luebben Stellplatz Betriebshof,5100,43,58404,NFB
420,584,Luebben Stellplatz Betriebshof,2022-02-01T15:48:00,2022-02-01T15:55:00,Radensdorf Hauptstr,5100,5,58404,NFB
421,584,Radensdorf Hauptstr,2022-02-01T16:00:00,2022-02-01T17:02:00,Burg Hotel Bleske,48257,0,58404,NFB
422,584,Burg Hotel Bleske,2022-02-01T17:02:00,2022-02-01T17:07:00,Burg Stuetzpunkt CV,1500,37,58404,NFB
423,584,Burg Stuetzpunkt CV,2022-02-01T17:44:00,2022-02-01T17:49:00,Burg Lindenstr,1500,5,58404,NFB
424,584,Burg Lindenstr,2022-02-01T17:54:00,2022-02-01T19:29:00,Goyatz Schule,70377,0,58404,NFB
425,584,Goyatz Schule,2022-02-01T19:29:00,2022-02-01T19:47:00,Straupitz Stuetzpunkt,15314,0,58404,NFB
426,585,Goyatz Schule,2022-02-01T04:39:00,2022-02-01T04:41:00,Straupitz Dorfplatz,1000,5,58503,NFB
427,585,Straupitz Dorfplatz,2022-02-01T04:46:00,2022-02-01T05:00:00,Radensdorf Hauptstr,10770,0,58503,NFB
428,585,Radensdorf Hauptstr,2022-02-01T05:00:00,2022-02-01T05:28:00,Goyatz Schule,20564,1,58503,NFB
429,585,Goyatz Schule,2022-02-01T05:29:00,2022-02-01T07:04,Burg Schule,68576,0,58503,NFB
430,585,Burg Schule,2022-02-01T07:04:00,2022-02-01T07:07,Burg Lindenstr,962,2,58503,NFB
431,585,Burg Lindenstr,2022-02-01T07:09:00,2022-02-01T07:35,Straupitz Schule,21013,0,58503,NFB
432,585,Straupitz Schule,2022-02-01T07:35:00,2022-02-01T07:38:00,Straupitz Stellplatz Stuetzpunkt,0,58503,NFB
433,585,Straupitz Stellplatz Stuetzpunkt,2022-02-01T08:09:00,2022-02-01T08:11:00,Straupitz Dorfplatz,1000,5,58503,NFB
434,585,Straupitz Dorfplatz,2022-02-01T08:16:00,2022-02-01T09:28:00,Goyatz Schule,48875,1,58503,NFB
435,585,Goyatz Schule,2022-02-01T09:29:00,2022-02-01T11:02:00,Burg Hotel Bleske,70993,0,58503,NFB
436,585,Burg Hotel Bleske,2022-02-01T11:02:00,2022-02-01T11:17:00,Straupitz Stuetzpunkt,12964,0,58503,NFB
437,586,Straupitz Stuetzpunkt,2022-02-01T13:10:00,2022-02-01T13:30:00,Goyatz Schule,15600,5,58603,NFB
438,586,Goyatz Schule,2022-02-01T13:35:00,2022-02-01T14:28:00,Burg Schule,40551,0,58603,NFB
439,586,Burg Schule,2022-02-01T14:28:00,2022-02-01T14:30:00,Burg Stuetzpunkt CV,570,23,58603,NFB
440,586,Burg Stuetzpunkt CV,2022-02-01T14:53:00,2022-02-01T14:55:00,Burg Schule,570,5,58603,NFB
441,586,Burg Schule,2022-02-01T15:00:00,2022-02-01T15:47:00,Goyatz Schule,38259,3,58603,NFB
442,586,Goyatz Schule,2022-02-01T15:50:00,2022-02-01T16:40:00,Lieberose Markt,30536,0,58603,NFB
443,586,Lieberose Markt,2022-02-01T16:40:00,2022-02-01T17:16:00,Goyatz Schule,28947,4,58603,NFB
444,586,Goyatz Schule,2022-02-01T17:20:00,2022-02-01T18:02:00,Burg Hotel Bleske,35945,0,58603,NFB
445,586,Burg Hotel Bleske,2022-02-01T18:02:00,2022-02-01T18:07:00,Burg Stuetzpunkt CV,1500,36,58603,NFB
446,586,Burg Stuetzpunkt CV,2022-02-01T18:43:00,2022-02-01T18:48:00,Burg Lindenstr,1500,5,58603,NFB
447,586,Burg Lindenstr,2022-02-01T18:53:00,2022-02-01T19:35:00,Goyatz Schule,36373,0,58603,NFB
448,586,Goyatz Schule,2022-02-01T19:35:00,2022-02-01T19:56:00,Straupitz Dorfplatz,17943,0,58603,NFB
449,586,Straupitz Dorfplatz,2022-02-01T19:56:00,2022-02-01T19:58:00,Straupitz Stuetzpunkt,1000,0,58603,NFB
450,587,Straupitz Stuetzpunkt,2022-02-01T05:51:00,2022-02-01T05:53:00,Straupitz Dorfplatz,1000,5,58703,NFB
451,587,Straupitz Dorfplatz,2022-02-01T05:58:00,2022-02-01T06:18:00,Lieberose Markt,17869,0,58703,NFB
452,587,Lieberose Markt,2022-02-01T06:18:00,2022-02-01T06:41:00,Straupitz Dorfplatz,19662,6,58703,NFB
453,587,Straupitz Dorfplatz,2022-02-01T06:47:00,2022-02-01T07:06:00,Goyatz Am Bahnhof,15553,0,58703,NFB
454,587,Goyatz Am Bahnhof,2022-02-01T07:06:00,2022-02-01T07:26:00,Goyatz Schule,13958,3,58703,NFB
455,587,Goyatz Schule,2022-02-01T07:29:00,2022-02-01T09:02:00,Burg Hotel Bleske,70993,0,58703,NFB
456,587,Burg Hotel Bleske,2022-02-01T09:02:00,2022-02-01T09:07:00,Burg Stuetzpunkt CV,1500,37,58703,NFB
457,587,Burg Stuetzpunkt CV,2022-02-01T09:44:00,2022-02-01T09:49:00,Burg Lindenstr,1500,5,58703,NFB
458,587,Burg Lindenstr,2022-02-01T09:54:00,2022-02-01T10:54:00,Radensdorf Hauptstr,46359,0,58703,NFB
459,587,Radensdorf Hauptstr,2022-02-01T10:54:00,2022-02-01T11:01:00,Luebben Stellplatz Betriebshof,5100,47,58703,NFB
460,587,Luebben Stellplatz Betriebshof,2022-02-01T11:48:00,2022-02-01T11:55:00,Radensdorf Hauptstr,5100,5,58703,NFB
461,587,Radensdorf Hauptstr,2022-02-01T12:00:00,2022-02-01T13:06:00,Burg Schule,50338,0,58703,NFB
462,587,Burg Schule,2022-02-01T13:06:00,2022-02-01T13:08:00,Burg Stuetzpunkt CV,570,14,58703,NFB
463,587,Burg Stuetzpunkt CV,2022-02-01T13:22:00,2022-02-01T13:27:00,Burg Lindenstr,1500,5,58703,NFB
464,587,Burg Lindenstr,2022-02-01T13:32:00,2022-02-01T13:46:00,Straupitz Dorfplatz,12358,0,58703,NFB
465,587,Straupitz Dorfplatz,2022-02-01T13:46:00,2022-02-01T14:10:00,Goyatz Schule,19621,5,58703,NFB
466,587,Goyatz Schule,2022-02-01T14:15:00,2022-02-01T14:34:00,Straupitz Dorfplatz,15935,0,58703,NFB
467,587,Straupitz Dorfplatz,2022-02-01T14:34:00,2022-02-01T14:36:00,Straupitz Stuetzpunkt,1000,0,58703,NFB
468,587,Straupitz Stuetzpunkt,2022-02-01T13:39:00,2022-02-01T13:41:00,Straupitz Dorfplatz,1000,5,58804,NFB
469,587,Straupitz Stuetzpunkt,2022-02-01T13:46:00,2022-02-01T14:20:00,Luebben Bahnhof,20675,20,58804,NFB
470,587,Luebben Bahnhof,2022-02-01T14:40:00,2022-02-01T15:28:00,Burg Hotel Bleske,32937,0,58804,NFB
471,587,Burg Hotel Bleske,2022-02-01T15:28:00,2022-02-01T15:29:00,Burg Lindenstr,317,3,58804,NFB
472,587,Burg Lindenstr,2022-02-01T15:32:00,2022-02-01T16:20:00,Luebben Bahnhof,33033,20,58804,NFB
473,587,Luebben Bahnhof,2022-02-01T16:40:00,2022-02-01T17:28:00,Burg Hotel Bleske,32937,0,58804,NFB
474,587,Burg Hotel Bleske,2022-02-01T17:28:00,2022-02-01T17:29:00,Burg Lindenstr,317,3,58804,NFB
475,587,Burg Lindenstr,2022-02-01T17:32:00,2022-02-01T18:20:00,Luebben Bahnhof,33033,20,58804,NFB
476,587,Luebben Bahnhof,2022-02-01T18:40:00,2022-02-01T19:28:00,Burg Hotel Bleske,32937,0,58804,NFB
477,587,Burg Hotel Bleske,2022-02-01T19:28:00,2022-02-01T19:29:00,Burg Lindenstr,317,3,58804,NFB
478,587,Burg Lindenstr,2022-02-01T19:32:00,2022-02-01T20:20:00,Luebben Bahnhof,33033,20,58804,NFB
479,587,Luebben Bahnhof,2022-02-01T20:40:00,2022-02-01T21:28:00,Burg Hotel Bleske,32937,0,58804,NFB
480,587,Burg Hotel Bleske,2022-02-01T21:28:00,2022-02-01T21:29:00,Burg Lindenstr,317,3,58804,NFB
481,587,Burg Lindenstr,2022-02-01T21:32:00,2022-02-01T21:46:00,Straupitz Dorfplatz,12358,0,58804,NFB
482,587,Straupitz Dorfplatz,2022-02-01T21:46:00,2022-02-01T21:48:00,Straupitz Stuetzpunkt,1000,0,58804,NFB
483,591,Groeditsch Aussenstationierung,2022-02-01T05:37:00,2022-02-01T05:50:00,Neuendorf am See,13953,5,59113,NFB
484,591,Neuendorf am See,2022-02-01T05:55:00,2022-02-01T06:37:00,Luebben Bahnhof,32407,27,59113,NFB
485,591,Neuendorf am See,2022-02-01T07:04:00,2022-02-01T07:14:00,Lubolz Hauptstr,5517,1,59113,NFB
486,591,Lubolz Hauptstr,2022-02-01T07:15:00,2022-02-01T07:34:00,Luebben Frankfurter Str,7672,0,59113,NFB
487,591,Luebben Frankfurter Str,2022-02-01T07:34:00,2022-02-01T07:39:00,Luebben Betriebshof,2690,0,59113,NFB
488,591,Luebben Betriebshof,2022-02-01T11:42:00,2022-02-01T11:50:00,Luebben Cottbuser Str,3900,5,59123,NFB
489,591,Luebben Cottbuser Str,2022-02-01T11:55:00,2022-02-01T12:47:00,Neu Luebbenau Hauptstr,35309,0,59123,NFB
490,591,Neu Luebbenau Hauptstr,2022-02-01T12:47:00,2022-02-01T13:00:00,Neuendorf am See,7602,0,59123,NFB
491,591,Neuendorf am See,2022-02-01T13:00:00,2022-02-01T13:27:00,Schoenwalde Amtsverwaltung,19889,8,59123,NFB
492,591,Schoenwalde Amtsverwaltung,2022-02-01T13:35:00,2022-02-01T14:02:00,Schlepzig Bergstr,21954,0,59123,NFB
493,591,Schlepzig Bergstr,2022-02-01T14:02:00,2022-02-01T14:17:00,Luebben Stellplatz Betriebshof,11500,44,59123,NFB
494,591,Luebben Stellplatz Betriebshof,2022-02-01T15:01:00,2022-02-01T15:10:00,Luebben Cottbuser Str,3900,5,59123,NFB
495,591,Luebben Cottbuser Str,2022-02-01T15:15:00,2022-02-01T15:54:00,Groeditsch Schule,27453,4,59123,NFB
496,591,Groeditsch Schule,2022-02-01T15:58:00,2022-02-01T16:31:00,Biebersdorf Kita,27864,0,59123,NFB
497,591,Biebersdorf Kita,2022-02-01T16:31:00,2022-02-01T16:41:00,Groeditsch Aussenstationierung,8100,0,59123,NFB
498,9537,Lieberose AH Fa Halbasch,2022-02-01T06:05:00,2022-02-01T06:13:00,Blasdorf Dorfstr,4057,5,95371,NFB
499,9537,Blasdorf Dorfstr,2022-02-01T06:18:00,2022-02-01T06:21:00,Jamlitz Gasthaus,2244,0,95371,NFB
500,9537,Jamlitz Gasthaus,2022-02-01T06:21:00,2022-02-01T06:59:00,Lieberose Schule,30345,2,95371,NFB
501,9537,Lieberose Schule,2022-02-01T07:01:00,2022-02-01T07:27:00,Goyatz Schule,19432,8,95371,NFB
502,9537,Goyatz Schule,2022-02-01T07:35:00,2022-02-01T07:48:00,Lieberose Markt,11300,0,95371,NFB
503,9537,Lieberose Markt,2022-02-01T07:48:00,2022-02-01T07:53:00,Lieberose AH Fa Halbasch,320,0,95371,NFB
504,9537,Lieberose AH Fa Halbasch,2022-02-01T11:27:00,2022-02-01T11:21:00,Lieberose Markt,390,5,95372,NFB
505,9537,Lieberose Markt,2022-02-01T11:37:00,2022-02-01T11:57:00,Straupitz Dorfplatz,17808,0,95372,NFB
506,9537,Straupitz Dorfplatz,2022-02-01T11:57:00,2022-02-01T11:59:00,Straupitz Stellplatz Stuetzpunkt,1000,11,95372,NFB
507,9537,Straupitz Stellplatz Stuetzpunkt,2022-02-01T12:10:00,2022-02-01T12:12:00,Straupitz Dorfplatz,1000,5,95372,NFB
508,9537,Straupitz Dorfplatz,2022-02-01T12:17:00,2022-02-01T12:57:00,Goyatz Schule,33465,38,95372,NFB
509,9537,Goyatz Schule,2022-02-01T13:35:00,2022-02-01T13:54:00,Lieberose Schule,15359,0,95372,NFB
510,9537,Lieberose Schule,2022-02-01T13:54:00,2022-02-01T14:26:00,Leeskow,24842,0,95372,NFB
511,9537,Leeskow,2022-02-01T14:26:00,2022-02-01T14:49:00,Goyatz Schule,20670,26,95372,NFB
512,9537,Goyatz Schule,2022-02-01T15:15:00,2022-02-01T15:35:00,Lieberose Markt,30532,0,95372,NFB
513,9537,Lieberose Markt,2022-02-01T15:35:00,2022-02-01T15:54:00,Blasdorf Dorfstr,8922,0,95372,NFB
514,9537,Blasdorf Dorfstr,2022-02-01T15:54:00,2022-02-01T15:58:00,Lieberose Schule,3694,0,95372,NFB
515,9537,Lieberose Schule,2022-02-01T15:58:00,2022-02-01T16:18:00,Goyatz Schule,15900,2,95372,NFB
516,9537,Goyatz Schule,2022-02-01T16:20:00,2022-02-01T17:03:00,Lieberose Markt,33484,0,95372,NFB
517,9537,Lieberose Markt,2022-02-01T17:03:00,2022-02-01T17:08:00,Lieberose AH Fa Halbasch,320,0,95372,NFB
518,9538,Lieberose AH Fa Halbasch,2022-02-01T17:53:00,2022-02-01T17:58:00,Lieberose Markt,390,5,95380,NFB
519,9538,Lieberose Markt,2022-02-01T18:03:00,2022-02-01T18:34:00,Leeskow,24538,0,95380,NFB
520,9538,Leeskow,2022-02-01T18:34:00,2022-02-01T17:44:00,Lieberose AH Fa Halbasch,9600,0,95380,NFB
521,9539,Lieberose AH Fa Halbasch,2022-02-01T05:35:00,2022-02-01T05:40:00,Jamlitz Gasthaus,4400,5,95391,NFB
522,9539,Jamlitz Gasthaus,2022-02-01T05:45:00,2022-02-01T06:29:00,Lieberose Markt,33581,0,95391,NFB
523,9539,Lieberose Markt,2022-02-01T06:29:00,2022-02-01T06:39:00,Staakow,9150,8,95391,NFB
524,9539,Staakow,2022-02-01T06:47:00,2022-02-01T07:10:00,Lieberose Schule,14791,3,95391,NFB
525,9539,Lieberose Schule,2022-02-01T07:13:00,2022-02-01T07:27:00,Goyatz Schule,11349,6,95391,NFB
526,9539,Goyatz Schule,2022-02-01T07:33:00,2022-02-01T07:48:00,Lieberose Schule,11410,0,95391,NFB
527,9539,Lieberose Schule,2022-02-01T07:48:00,2022-02-01T07:50:00,Lieberose Markt,320,0,95391,NFB
528,9539,Lieberose Markt,2022-02-01T07:50:00,2022-02-01T08:10:00,Straupitz Dorfplatz,17808,0,95391,NFB
529,9539,Straupitz Dorfplatz,2022-02-01T08:10:00,2022-02-01T08:30:00,Lieberose Markt,17869,7,95391,NFB
530,9539,Lieberose Markt,2022-02-01T08:37:00,2022-02-01T08:57:00,Straupitz Dorfplatz,17808,0,95391,NFB
531,9539,Straupitz Dorfplatz,2022-02-01T08:57:00,2022-02-01T08:59:00,Straupitz Stuetzpunkt,1000,0,95391,NFB
532,9539,Straupitz Stuetzpunkt,2022-02-01T13:08:00,2022-02-01T13:10:00,Straupitz Dorfplatz,1000,5,95392,NFB
533,9539,Straupitz Dorfplatz,2022-02-01T13:15:00,2022-02-01T13:35:00,Goyatz Schule,18325,0,95392,NFB
534,9539,Goyatz Schule,2022-02-01T13:35:00,2022-02-01T13:55:00,Lieberose Markt,30532,0,95392,NFB
535,9539,Lieberose Markt,2022-02-01T13:55:00,2022-02-01T14:24:00,Staakow,15366,0,95392,NFB
536,9539,Staakow,2022-02-01T14:24:00,2022-02-01T14:50:00,Goyatz Schule,26000,25,95392,NFB
537,9539,Goyatz Schule,2022-02-01T15:15:00,2022-02-01T15:34:00,Lieberose Schule,15359,0,95392,NFB
538,9539,Lieberose Schule,2022-02-01T15:34:00,2022-02-01T15:47:00,Staakow,8604,0,95392,NFB
539,9539,Lieberose Schule,2022-02-01T15:47:00,2022-02-01T16:27:00,Goyatz Schule,33648,0,95392,NFB
540,9539,Goyatz Schule,2022-02-01T16:27:00,2022-02-01T16:32:00,Lieberose AH Fa Halbasch,320,0,95392,NFB
541,9571,Zaue Stellplatz,2022-02-01T07:34:00,2022-02-01T07:35:00,Zaue Campingplatz,1300,5,95710,NFB
542,9571,Zaue Campingplatz,2022-02-01T07:40:00,2022-02-01T09:52:00,Goyatz Am Bahnhof,106227,0,95710,NFB
543,9571,Goyatz Am Bahnhof,2022-02-01T09:52:00,2022-02-01T10:00:00,Zaue Campingsplatz,6784,35,95710,NFB
544,9571,Zaue Campingsplatz,2022-02-01T10:35:00,2022-02-01T12:36:00,Zaue Campingsplatz,99951,0,95710,NFB
545,9571,Zaue Campingsplatz,2022-02-01T12:36:00,2022-02-01T12:37:00,Zaue Stellplatz,1300,0,95710,NFB
